{
  "tags": {
    "ANALYSIS.1qWdMDr1": {
      "versionNumber": 0,
      "lastModifiedBy": {
        "login": "zhen.meng@generali.com"
      },
      "lastModifiedOn": 1751293810972
    },
    "DASHBOARD.bS2vPNZ": {
      "versionNumber": 0,
      "lastModifiedBy": {
        "login": "zhen.meng@generali.com"
      },
      "lastModifiedOn": 1751285925800
    },
    "DATASET.CAC_40_Time_Series_CAC_40__FCHI__": {
      "versionNumber": 1,
      "lastModifiedBy": {
        "login": "zhen.meng@generali.com"
      },
      "lastModifiedOn": 1751287741842
    },
    "DATASET.Test": {
      "versionNumber": 1,
      "lastModifiedBy": {
        "login": "zhen.meng@generali.com"
      },
      "lastModifiedOn": 1751826057517
    },
    "DATASET.output_folder": {
      "versionNumber": 0,
      "lastModifiedBy": {
        "login": "zhen.meng@generali.com"
      },
      "lastModifiedOn": 1751824903276
    },
    "MANAGED_FOLDER.LURqBOlf": {
      "versionNumber": 1,
      "lastModifiedBy": {
        "login": "zhen.meng@generali.com"
      },
      "lastModifiedOn": 1751824647580
    },
    "PROJECT.CALIBRATIONDURISQUESDESACTIONS": {
      "versionNumber": 0,
      "lastModifiedBy": {
        "login": "api:81YnFu7pIq0iThcy"
      },
      "lastModifiedOn": 1751288855541
    },
    "RECIPE.compute_Test": {
      "versionNumber": 17,
      "lastModifiedBy": {
        "login": "zhen.meng@generali.com"
      },
      "lastModifiedOn": 1752088626946
    }
  }
}