{
  "script": {
    "steps": [],
    "maxProcessedMemTableBytes": -1,
    "columnsSelection": {
      "mode": "ALL",
      "list": [
        {
          "name": "Date",
          "d": true
        },
        {
          "name": "Price",
          "d": true
        },
        {
          "name": "Open",
          "d": true
        },
        {
          "name": "High",
          "d": true
        },
        {
          "name": "Low",
          "d": true
        },
        {
          "name": "Vol.",
          "d": true
        },
        {
          "name": "Change %",
          "d": true
        }
      ]
    },
    "columnOrder": [],
    "columnWidthsByName": {
      "Date": 100,
      "Price": 100,
      "Open": 100,
      "High": 100,
      "Low": 100,
      "Vol.": 100,
      "Change %": 100
    },
    "columnUseScientificNotationByName": {},
    "coloring": {
      "scheme": "COLORING_GROUPS",
      "individualColumns": [],
      "individualColumnsRules": [],
      "valueColoringMode": "HASH",
      "coloringGroups": [
        {
          "scope": "COLUMNS",
          "scheme": "RULES",
          "enabled": true,
          "targetedColumnNames": [
            "Open"
          ],
          "rulesGroup": {
            "filterDescs": [
              {
                "distinct": false,
                "enabled": true,
                "uiData": {
                  "mode": "\u0026\u0026",
                  "conditions": [
                    {
                      "input": "",
                      "operator": "\u003d\u003d [string]",
                      "col": "",
                      "string": "",
                      "num": 0.0,
                      "num2": 0.0
                    }
                  ],
                  "color": {
                    "styleClass": "shaker-color-rule--green-background",
                    "styleCustomFontColor": "#000000",
                    "styleCustomBackgroundColor": "#F2F2F2"
                  }
                }
              }
            ]
          }
        }
      ]
    },
    "sorting": [],
    "analysisColumnData": {},
    "explorationSampling": {
      "selection": {
        "maxRecordsForDisplay": -1,
        "maxStoredBytes": 104857600,
        "timeout": -1,
        "filter": {
          "distinct": false,
          "enabled": false
        },
        "partitionSelectionMethod": "ALL",
        "latestPartitionsN": 1,
        "ordering": {
          "enabled": false,
          "rules": []
        },
        "samplingMethod": "HEAD_SEQUENTIAL",
        "maxRecords": 10000,
        "targetRatio": 0.02,
        "ascending": true,
        "withinFirstN": -1,
        "maxReadUncompressedBytes": -1
      },
      "autoRefreshSample": false,
      "_refreshTrigger": 0
    },
    "vizSampling": {
      "selection": {
        "useMemTable": false,
        "filter": {
          "distinct": false,
          "enabled": false
        },
        "partitionSelectionMethod": "ALL",
        "latestPartitionsN": 1,
        "ordering": {
          "enabled": false,
          "rules": []
        },
        "samplingMethod": "FULL",
        "maxRecords": -1,
        "targetRatio": 0.02,
        "ascending": true,
        "withinFirstN": -1,
        "maxReadUncompressedBytes": -1
      },
      "autoRefreshSample": false,
      "_refreshTrigger": 0
    },
    "exploreUIParams": {
      "autoRefresh": true
    },
    "globalSearchQuery": "",
    "explorationFilters": [
      {
        "column": "High",
        "type": "columnFilter",
        "currentMode": "FACET",
        "active": true,
        "facet": {
          "type": "facet",
          "column": "High",
          "columnType": "ALPHANUM",
          "currentMode": "ALPHANUM",
          "sort": "count",
          "selectedValues": {}
        },
        "alphanumFilter": {
          "type": "alphanum",
          "column": "High",
          "selectedValues": [],
          "params": {
            "mode": "full_string",
            "normalization": "exact"
          }
        },
        "validityFilter": {
          "type": "validity",
          "column": "High",
          "params": {
            "type": "Text",
            "ok": true,
            "nok": true,
            "empty": true
          }
        }
      }
    ],
    "previewMode": "ALL_ROWS"
  },
  "charts": [
    {
      "copySelectionFromScript": true,
      "engineType": "LINO",
      "def": {
        "type": "grouped_columns",
        "variant": "normal",
        "name": "New chart",
        "userEditedName": false,
        "displayWithEChartsByDefault": true,
        "genericDimension0": [],
        "genericDimension1": [],
        "facetDimension": [],
        "animationDimension": [],
        "genericMeasures": [],
        "xDimension": [],
        "yDimension": [],
        "uaXDimension": [],
        "uaYDimension": [],
        "uaDimensionPair": [],
        "uaSize": [],
        "uaColor": [],
        "uaShape": [],
        "uaTooltip": [],
        "groupDimension": [],
        "xMeasure": [],
        "yMeasure": [],
        "colorMeasure": [],
        "sizeMeasure": [],
        "geometry": [],
        "geoLayers": [
          {
            "geometry": [],
            "colorOptions": {
              "ccScaleMode": "NORMAL",
              "paletteType": "CONTINUOUS",
              "quantizationMode": "NONE",
              "numQuantizeSteps": 5,
              "paletteMiddleValue": 0.0,
              "heatDensityMapIntensity": 0.5,
              "heatDensityMapRadius": 0.5,
              "singleColor": "#2678B1",
              "transparency": 0.75,
              "colorPalette": "default",
              "customPalette": {
                "id": "__dku_custom__",
                "name": "Custom Palette",
                "colors": [],
                "values": [],
                "fixedValues": false
              },
              "customColors": {}
            },
            "uaColor": []
          }
        ],
        "tooltipMeasures": [],
        "boxplotBreakdownDim": [],
        "boxplotValue": [],
        "xAxisFormatting": {
          "displayAxis": true,
          "showAxisTitle": true,
          "axisTitleFormatting": {
            "fontSize": 15,
            "fontColor": "#333",
            "hasBackground": false
          },
          "axisValuesFormatting": {
            "numberFormatting": {
              "multiplier": "Auto",
              "hideTrailingZeros": true,
              "digitGrouping": "DEFAULT",
              "useParenthesesForNegativeValues": false,
              "shouldFormatInPercentage": false,
              "prefix": "",
              "suffix": ""
            },
            "axisTicksFormatting": {
              "fontSize": 12,
              "fontColor": "#333",
              "hasBackground": false
            }
          },
          "ticksConfig": {
            "mode": "INTERVAL"
          },
          "customExtent": {
            "editMode": "AUTO",
            "manualExtent": [
              null,
              null
            ]
          },
          "isLogScale": false,
          "includeZero": true
        },
        "yAxesFormatting": [
          {
            "id": "y_left_0",
            "displayAxis": true,
            "showAxisTitle": true,
            "axisTitleFormatting": {
              "fontSize": 15,
              "fontColor": "#333",
              "hasBackground": false
            },
            "axisValuesFormatting": {
              "numberFormatting": {
                "multiplier": "Auto",
                "hideTrailingZeros": true,
                "digitGrouping": "DEFAULT",
                "useParenthesesForNegativeValues": false,
                "shouldFormatInPercentage": false,
                "prefix": "",
                "suffix": ""
              },
              "axisTicksFormatting": {
                "fontSize": 12,
                "fontColor": "#333",
                "hasBackground": false
              }
            },
            "ticksConfig": {
              "mode": "INTERVAL"
            },
            "customExtent": {
              "editMode": "AUTO",
              "manualExtent": [
                null,
                null
              ]
            },
            "isLogScale": false,
            "includeZero": true
          },
          {
            "id": "y_right_0",
            "displayAxis": true,
            "showAxisTitle": true,
            "axisTitleFormatting": {
              "fontSize": 15,
              "fontColor": "#333",
              "hasBackground": false
            },
            "axisValuesFormatting": {
              "numberFormatting": {
                "multiplier": "Auto",
                "hideTrailingZeros": true,
                "digitGrouping": "DEFAULT",
                "useParenthesesForNegativeValues": false,
                "shouldFormatInPercentage": false,
                "prefix": "",
                "suffix": ""
              },
              "axisTicksFormatting": {
                "fontSize": 12,
                "fontColor": "#333",
                "hasBackground": false
              }
            },
            "ticksConfig": {
              "mode": "INTERVAL"
            },
            "customExtent": {
              "editMode": "AUTO",
              "manualExtent": [
                null,
                null
              ]
            },
            "isLogScale": false,
            "includeZero": true
          }
        ],
        "radialAxisFormatting": {
          "showAxisTitle": false,
          "axisTitleFormatting": {
            "fontSize": 15,
            "fontColor": "#333",
            "hasBackground": false
          },
          "ticksConfig": {
            "mode": "INTERVAL"
          },
          "customExtent": {},
          "isLogScale": false,
          "includeZero": true
        },
        "smoothing": true,
        "showLegend": true,
        "strokeWidth": 2,
        "fillOpacity": 0.6,
        "tooltipOptions": {
          "display": true
        },
        "hexbinRadius": 20,
        "hexbinNumber": 20,
        "hexbinRadiusMode": "NUM_HEXAGONS",
        "valuesInChartDisplayOptions": {
          "displayValues": false,
          "displayPieLabelsOrValues": true,
          "displayMode": "LABELS",
          "overlappingStrategy": "AUTO",
          "placementMode": "AUTO",
          "textFormatting": {
            "fontSize": 11,
            "fontColor": "AUTO",
            "hasBackground": false,
            "backgroundColor": "#D9D9D9BF"
          }
        },
        "stackedColumnsOptions": {
          "totalsInChartDisplayOptions": {
            "textFormatting": {
              "fontSize": 11,
              "fontColor": "#333",
              "hasBackground": false
            },
            "addDetails": false,
            "additionalMeasures": []
          }
        },
        "chartHeight": 200,
        "singleXAxis": true,
        "multiTooltips": false,
        "animationFrameDuration": 3000,
        "animationRepeat": true,
        "colorMode": "UNIQUE_SCALE",
        "colorOptions": {
          "ccScaleMode": "NORMAL",
          "paletteType": "CONTINUOUS",
          "quantizationMode": "NONE",
          "numQuantizeSteps": 5,
          "paletteMiddleValue": 0.0,
          "heatDensityMapIntensity": 0.5,
          "heatDensityMapRadius": 0.5,
          "singleColor": "#2678B1",
          "transparency": 0.75,
          "colorPalette": "default",
          "customPalette": {
            "id": "__dku_custom__",
            "name": "Custom Palette",
            "colors": [],
            "values": [],
            "fixedValues": false
          },
          "customColors": {}
        },
        "bubblesOptions": {
          "defaultRadius": 5.0,
          "singleShape": "FILLED_CIRCLE"
        },
        "computeMode": "NORMAL",
        "xAxisMode": "NORMAL",
        "yAxisMode": "NORMAL",
        "pieOptions": {
          "donutHoleSize": 54.0
        },
        "scatterZoomOptions": {
          "scale": [
            1.0,
            1.0
          ],
          "translate": [
            0.0,
            0.0
          ],
          "chartWidth": 0.0,
          "enabled": true,
          "persisted": true
        },
        "linesZoomOptions": {
          "displayBrush": true,
          "enabled": true,
          "persisted": true
        },
        "scatterOptions": {
          "equalScales": false,
          "identityLine": false,
          "connectPoints": {
            "enabled": false,
            "splitBy": "COLOR",
            "lineFormatting": {
              "color": "#000",
              "size": 1
            }
          },
          "optimizeRendering": false,
          "regression": {
            "show": false,
            "displayFormula": false,
            "type": "LINEAR",
            "labelPosition": "INSIDE_END",
            "lineFormatting": {
              "color": "#000",
              "size": 1
            },
            "textFormatting": {
              "fontSize": 11,
              "fontColor": "#333",
              "hasBackground": false,
              "backgroundColor": "#D9D9D9BF"
            }
          },
          "numberOfRecords": 1000000.0
        },
        "scatterMPOptions": {
          "connectPoints": {
            "enabled": false,
            "splitBy": "COLOR",
            "lineFormatting": {
              "color": "#000",
              "size": 1
            }
          },
          "optimizeRendering": false,
          "pairColorOptions": {
            "singleColor": "#659a88",
            "transparency": 0.75,
            "colorPalette": "default",
            "customPalette": {
              "id": "__dku_custom__",
              "name": "Custom Palette",
              "colors": [],
              "values": [],
              "fixedValues": false
            },
            "customColors": {}
          },
          "numberOfRecords": 1000000.0
        },
        "mapOptions": {
          "tilesLayer": "cartodb-positron",
          "lockSquareGrid": false
        },
        "mapGridOptions": {
          "gridLonDeg": 0.6,
          "gridLatDeg": 0.6
        },
        "radarOptions": {
          "filled": false,
          "polygonsSource": "MEASURES",
          "lineStyle": {
            "width": 2.0,
            "type": "SOLID"
          }
        },
        "sankeyOptions": {
          "curveness": 0.5,
          "linkColorVariant": "GRADIENT",
          "nodeLabelFormatting": {
            "fontSize": 11,
            "fontColor": "AUTO",
            "hasBackground": false,
            "backgroundColor": "#D9D9D9BF"
          }
        },
        "gaugeOptions": {
          "min": {
            "sourceType": "Constant",
            "percentile": 0.0,
            "isCustomPercentile": false,
            "constantValue": 0.0,
            "constantDateValue": 0.0,
            "defaultConstantValue": 0.0,
            "ignoreExistingFilters": false
          },
          "max": {
            "sourceType": "Constant",
            "percentile": 0.0,
            "isCustomPercentile": false,
            "constantValue": 0.0,
            "constantDateValue": 0.0,
            "defaultConstantValue": 0.0,
            "ignoreExistingFilters": false
          },
          "axis": {
            "ticksConfig": {
              "mode": "INTERVAL"
            },
            "axisValuesFormatting": {
              "numberFormatting": {
                "multiplier": "Auto",
                "hideTrailingZeros": true,
                "digitGrouping": "DEFAULT",
                "useParenthesesForNegativeValues": false,
                "shouldFormatInPercentage": false,
                "prefix": "",
                "suffix": ""
              },
              "axisTicksFormatting": {
                "fontSize": 12,
                "fontColor": "#333",
                "hasBackground": false
              }
            },
            "thickness": 30,
            "customRanges": false
          },
          "displayPointer": false
        },
        "useLiveProcessingIfAvailable": true,
        "legendPlacement": "OUTER_RIGHT",
        "legendFormatting": {
          "fontSize": 11,
          "fontColor": "#333",
          "hasBackground": false
        },
        "pivotTableOptions": {
          "displayEmptyValues": false,
          "showSidebar": true,
          "measureDisplayMode": "ROWS",
          "displayTotals": {
            "subTotals": {
              "rows": true,
              "columns": true
            },
            "grandTotal": {
              "row": true,
              "column": true
            }
          },
          "tableFormatting": {
            "showRowHeaders": true,
            "showRowMainHeaders": true,
            "rowMainHeaders": {
              "fontSize": 12,
              "fontColor": "#333",
              "hasBackground": false
            },
            "rowSubheaders": {
              "fontSize": 12,
              "fontColor": "#333",
              "hasBackground": false
            },
            "freezeRowHeaders": true,
            "showColumnHeaders": true,
            "showColumnMainHeaders": true,
            "columnMainHeaders": {
              "fontSize": 12,
              "fontColor": "#333",
              "hasBackground": false
            },
            "columnSubheaders": {
              "fontSize": 12,
              "fontColor": "#333",
              "hasBackground": false
            },
            "values": {
              "fontSize": 12,
              "fontColor": "#333",
              "hasBackground": false
            },
            "rowHeaders": {
              "fontSize": 12,
              "fontColor": "#333",
              "hasBackground": false
            },
            "columnHeaders": {
              "fontSize": 12,
              "fontColor": "#333",
              "hasBackground": false
            }
          },
          "areRowsExpandedByDefault": true,
          "areColumnExpandedByDefault": true,
          "rowIdByCustomExpandedStatus": {},
          "columnIdByCustomExpandedStatus": {},
          "columnIdByCustomWidth": {}
        },
        "gridlinesOptions": {
          "vertical": {
            "show": false,
            "lineFormatting": {
              "type": "FILLED",
              "color": "#d9d9d9",
              "size": 1
            }
          },
          "horizontal": {
            "show": false,
            "displayAxis": {},
            "lineFormatting": {
              "type": "FILLED",
              "color": "#d9d9d9",
              "size": 1
            }
          }
        }
      }
    }
  ],
  "interactiveSearch": {
    "savedQueries": []
  },
  "customMeasures": []
}